2021-4-4,
2022-4-17,
2023-4-9,
2024-3-31,
2025-4-20,
2026-4-5,
2027-3-28,
2028-4-16,
2029-4-1,
2030-4-21,
2031-4-13,
2032-3-28,
2033-4-17,
2034-4-9,
2035-3-25,
2036-4-13,
2037-4-5,
2038-4-25,
2039-4-10,
2040-4-1,
2041-4-21,
2042-4-6,
2043-3-29,
2044-4-17,
2045-4-9,
2046-3-25,
2047-4-14,
2048-4-5,
2049-4-18,
2050-4-10,
2051-4-2,
2052-4-21,
2053-4-6,
2054-3-29,
2055-4-18,
2056-4-2,
2057-4-22,
2058-4-14,
2059-3-30,
2060-4-18,
2061-4-10,
2062-3-26,
2063-4-15,
2064-4-6,
2065-3-29,
2066-4-11,
2067-4-3,
2068-4-22,
2069-4-14,
2070-3-30,
2071-4-19,
2072-4-10,
2073-3-26,
2074-4-15,
2075-4-7,
2076-4-19,
2077-4-11,
2078-4-3,
2079-4-23,
2080-4-7,
2081-3-30,
2082-4-19,
2083-4-4,
2084-3-26,
2085-4-15,
2086-3-31,
2087-4-20,
2088-4-11,
2089-4-3,
2090-4-16,
2091-4-8,
2092-3-30,
2093-4-12,
2094-4-4,
2095-4-24,
2096-4-15,
2097-3-31,
2098-4-20,
2099-4-12